Year,Exact Date,Race,Age,Sex,Shots,Facial Expression,Title,Appearance,Main Keyword,Theme,Representations,Changing After An Event,Past Tragedy,Overall Percepted Theme,Sameness
2017,"Mar 6, 2017",White,Young,Female,Full,Smiling,TV Personality,Normal,2 And More Kids,Family,Group,No,No,Happiness,Yes
2021,"December 20, 2021",White,Middle Age,Female,Half,Smiling,Actress,Normal,Addiction,Family,Group,Yes,No,Hopefulness,Yes
2022,"July 18, 2022",White,Middle Age,Female,Half,Confident,Actress,Normal,Addiction,Personal Story,Individual,Yes,No,Hopefulness,17
2020,"February 3, 2020",White,Middle Age,Female,Self,Confident,Singer,Normal,Addiction,Personal Story,Individual,Yes,No,Hopefulness,97
2018,"November5,2018",White,Old,Female,Half,Confident,Actress,Normal,Addiction,Personal Story,Individual,Yes,Yes,Hopefulness,358
2022,"October 31, 2022",White,Old,Male,Full,Confident,Actor,Normal,Addiction,Personal Story,Individual,Yes,Yes,Hopefulness,7
2022,"October 24, 2022",White,Old,Male,Full,Confident,Actor,Normal,Aging,Personal Story,Individual,Yes,No,Happiness,8
2019,"May 27, 2019",White,Middle Age,Male,Full,Smiling,Royal Family,Normal,Baby,Family,Group,No,No,Happiness,Yes
2019,"June 3, 2019",African-American,Middle Age,Female,Half,Smiling,Journalist,Normal,Baby,Family,Group,Yes,No,Happiness,262
2019,"July 22, 2019",Mixed,Middle Age,Female,Half,Smiling,Royal Family,Normal,Baby,Family,Group,Yes,No,Mystery,Yes
2019,"April 8, 2019",White,Middle Age,Female,Self,Smiling,TV Personality,Normal,Baby,Family,Individual,Yes,No,Happiness,253
2019,"May 20,2019",Mixed,Middle Age,Female,Self,Smiling,Royal Family,Normal,Baby,Family,Individual,Yes,No,Happiness,999
2016,"Ağu 8, 2016",White,Child,Male,Full,Confident,Royal Family,Normal,Baby Family,Family,Individual,Yes,Yes,Happiness,199
2020,"October 19, 2020",White,Middle Age,Male,Half,Confident,Royal Family,Normal,Battle,Family,Group,Yes,No,Shocking,Yes
2021,"June 21, 2021",White,Old,Male,Self,Confident,Host,Normal,Battle,Personal Story,Individual,Yes,No,Hopefulness,60
2020,"June 29, 2020",African-American,Middle Age,Male,Self,Confident,Actor,Normal,Battle,Personal Story,Individual,Yes,No,Hopefulness,85
2018,"March 19,2018",White,Middle Age,Female,Half,Smiling,Non-Celebrity,Normal,Betrayal,Romance,Group,Yes,No,Sadness,Yes
2019,"November 18, 2019",White,Middle Age,Female,Half,Smiling,TV Personality,Normal,Better Together,Romance,Group,Yes,No,Happiness,Yes
2022,"March 14, 2022",African-American,Middle Age,Female,Self,Smiling,Singer,Overweight,Body Shame,Personal Story,Individual,Yes,No,Happiness,30
2022,"February 28, 2022",White,Old,Female,Half,Confident,Supermodel,Normal,Body Shame,Personal Story,Individual,Yes,No,Sadness,32
2021,"November 1, 2021",White,Middle Age,Female,Self,Smiling,Actress,Normal,Body Shame,Romance,Individual,Yes,No,Happiness,47
2019,"November 11, 2019",White,Middle Age,Female,Self,Smiling,Actress,Normal,Breaking Point,Personal Story,Individual,Yes,No,Mystery,296
2022,"June 27, 2022",White,Young,Male,Full,Confident,Singer,Normal,Brothers,Family,Group,No,No,Happiness,Yes
2020,"January 20, 2020",White,Young,Male,Self,Smiling,Actor,Normal,Brothers,Romance,Group,Yes,No,Happiness,Yes
2016,"Kas 28, 2016",White,Middle Age,Female,Half,Confident,TV Personality,Overweight,Celebrate,Personal Story,Individual,Yes,No,Happiness,219
2021,"January 18, 2021",White,Middle Age,Male,Half,Confident,Royal Family,Normal,Change,Family,Group,Yes,No,Happiness,Yes
2020,"February 17, 2020",White,Middle Age,Female,Half,Confident,Royal Family,Normal,Change,Family,Group,Yes,No,Hopefulness,95
2022,"May 30, 2022",White,Middle Age,Female,Half,Confident,Actress,Normal,Change,Personal Story,Individual,Yes,No,Hopefulness,22
2020,"March 16, 2020",White,Middle Age,Female,Self,Smiling,Actress,Normal,Change,Personal Story,Individual,Yes,No,Hopefulness,91
2019,"October 21, 2019",African-American,Middle Age,Female,Self,Smiling,Host,Normal,Change,Personal Story,Individual,Yes,No,Mystery,292
2016,"Eyl 19, 2016",White,Middle Age,Female,Self,Confident,Actor,Normal,Change My Life,Personal Story,Individual,Yes,No,Hopefulness,207
2015,"Kas 30, 2015",White,Middle Age,Female,Self,Confident,Singer,Overweight,Changed Life,Romance,Individual,Yes,No,Happiness,155
2018,"October15,2018",White,Old,Female,Half,Confident,Actress,Normal,Confessions,Career,Group,No,No,Shocking,Yes
2018,"July23,2018",African-American,Middle Age,Female,Self,Smiling,Singer,Normal,Confessions,Death,Individual,Yes,Yes,Sadness,341
2020,"June 8, 2020",White,Old,Female,Self,Confident,Actress,Normal,Confessions,Family,Individual,Yes,No,Sadness,86
2021,"May 24, 2021",White,Middle Age,Female,Half,Smiling,Singer,Normal,Confessions,Personal Story,Individual,No,No,Happiness,63
2018,"December3,2018",White,Old,Female,Half,Smiling,Singer,Normal,Confessions,Personal Story,Individual,No,Yes,Hopefulness,362
2022,"April 4, 2022",White,Middle Age,Female,Half,Smiling,Royal Family,Normal,Controversy,Family,Group,Yes,No,Shocking,Yes
2019,"July 15, 2019",Hispanic,Middle Age,Male,Self,Confident,Lawyer,Normal,Death,Death,Individual,No,No,Mystery,274
2019,"March 18, 2019",White,Young,Male,Self,Confident,Actor,Normal,Death,Death,Individual,No,No,Sadness,248
2019,"August 5, 2019",White,Middle Age,Female,Half,Confident,Actress,Normal,Disease,Personal Story,Individual,No,No,Hopefulness,279
2017,"Mar 13, 2017",White,Young,Female,Self,Smiling,TV Personality,Normal,Divorce,Family,Individual,Yes,No,Sadness,236
2017,"Mar 27, 2017",African-American,Middle Age,Female,Full,Smiling,TV Personality,Normal,Dream Baby,Family,Group,Yes,No,Happiness,Yes
2019,"February 25, 2019",White,Middle Age,Male,Half,Smiling,Host,Normal,Dream Baby,Family,Group,Yes,No,Mystery,245
2019,"May 13, 2019",Hispanic,Middle Age,Female,Half,Smiling,Journalist,Normal,Dream Family,Family,Group,Yes,No,Happiness,261
2019,"December 16, 2019",White,Middle Age,Female,Self,Smiling,Singer,Normal,Dreams,Personal Story,Individual,Yes,No,Happiness,305
2019,"November 4, 2019",Mixed,Middle Age,Female,Self,Smiling,Royal Family,Normal,Emotional,Personal Story,Individual,No,No,Sadness,295
2022,"September 12, 2022",White,Old,Male,Half,Smiling,Actor,Normal,Ending Of A Relationship,Romance,Group,Yes,No,Sadness,Yes
2018,"March 5,2018",White,Middle Age,Female,Self,Confident,Actress,Normal,Ending Of A Relationship,Romance,Individual,Yes,Yes,Sadness,311
2022,March 7 2022,White,Old,Female,Half,Confident,Actress,Normal,Entertainment News,Entertainment Business,Individual,No,No,Sadness,31
2020,"April 20, 2020",White,Middle Age,Male,Half,Confident,Actor,Normal,Entertainment News,Entertainment Business,Individual,Yes,No,Shocking,90
2022,"June 20, 2022",African-American,Middle Age,Female,Half,Smiling,Host,Normal,Faith,Personal Story,Individual,Yes,Yes,Happiness,20
2019,"April 29, 2019",White,Middle Age,Female,Self,Confident,Actress,Normal,Fall,Personal Story,Individual,Yes,No,Shocking,259
2019,"July 8, 2019",Mixed,Middle Age,Female,Half,Smiling,Actor,Normal,Family,Family,Group,Yes,No,Happiness,Yes
2016,"Eki 24, 2016",White,Middle Age,Male,Full,Smiling,TV Personality,Normal,Family,Family,Group,Yes,Yes,Challenge,214
2015,"Şub 2, 2015",Hispanic,Middle Age,Female,Full,Confident,Singer,Normal,Family,Family,Group,Yes,Yes,Happiness,106
2015,"Tem 6, 2015",White,Middle Age,Male,Half,Serious,Actor,Normal,Family,Family,Individual,No,No,Happiness,130
2019,"January 7,2019",White,Young,Male,Full,Smiling,TV Personality,Normal,Family,Personal Story,Group,Yes,Yes,Hopefulness,Yes
2018,"December 31,2018",White,Young,Female,Self,Smiling,Royal Family,Normal,Family,Personal Story,Group,Yes,Yes,Shocking,Yes
2015,"Nis 20, 2015",White,Young,Male,Self,Confident,Singer,Normal,Family ,Career,Individual,Yes,Yes,Happiness,119
2022,"August 29, 2022",African-American,Old,Female,Half,Smiling,Host,Normal,Family First,Family,Group,No,No,Happiness,98
2021,"February 15, 2021",White,Old,Female,Full,Smiling,First Lady,Normal,Family First,Family,Group,No,No,Happiness,Yes
2021,"August 23, 2021",White,Young,Male,Full,Smiling,Actor,Normal,Family First,Family,Group,Yes,No,Happiness,54
2021,"October 11, 2021",White,Middle Age,Male,Self,Smiling,Royal Family,Normal,Family First,Family,Group,Yes,No,Happiness,Yes
2020,2020,White,Old,Male,Self,Confident,Actor,Normal,Family First,Family,Individual,No,No,Hopefulness,71
2022,"December 19, 2022",White,Old,Male,Half,Confident,Singer,Normal,Family First,Family,Individual,Yes,No,Happiness,1
2020,"october 24, 2020",White,Middle Age,Male,Half,Smiling,Actor,Normal,Family First,Family,Individual,Yes,No,Happiness,75
2020,"September 21, 2020",White,Middle Age,Female,Full,Smiling,Host,Normal,Family First,Personal Story,Individual,No,No,Happiness,78
2016,"Tem 4, 2016",White,Middle Age,Male,Half,Smiling,Actor,Normal,Family Journey,Family,Individual,Yes,Yes,Happiness,194
2015,"Ağu 31, 2015",White,Young,Female,Half,Smiling,TV Personality,Normal,Family Scandal,Family,Group,Yes,No,Sadness,138
2015,"Eyl 7, 2015",White,Middle Age,Unknown,Half,Smiling,TV Personality,Normal,Family Scandal,Family,Group,Yes,Yes,Sadness,139
2016,"Eki 17, 2016",White,Middle Age,Male,Half,Confident,Actor,Normal,Family Secrets,Family,Group,Yes,Yes,Mystery,213
2019,"October 7, 2019",White,Middle Age,Female,Self,Confident,Actress,Normal,Fate,Personal Story,Individual,Yes,No,Challenge,290
2019,"October 28, 2019",White,Middle Age,Male,Self,Smiling,Actor,Normal,Father And Son,Family,Group,Yes,Yes,Sadness,Yes
2022,"May 2, 2022",White,Middle Age,Male,Self,Confident,Royal Family,Normal,Fatherhood,Family,Individual,No,No,Happiness,26
2021,"June 28, 2021",Mixed,Middle Age,Male,Half,Smiling,Actor,Normal,Fatherhood,Family,Individual,Yes,No,Happiness,59
2019,"June 10, 2019",White,Old,Male,Self,Confident,Actor,Normal,Fight,Personal Story,Individual,Yes,No,Challenge,266
2022,"November 14, 2022",White,Middle Age,Female,Self,Smiling,Actress,Normal,Finding,Personal Story,Individual,Yes,Yes,Happiness,5
2016,"Nis 4, 2016",White,Middle Age,Female,Half,Smiling,Royal Family,Normal,Following Dieana'S Steps,Personal Story,Individual,Yes,No,Hopefulness,181
2016,"Eki 31, 2016",White,Middle Age,Female,Self,Smiling,TV Personality,Normal,Found Happiness,Romance,Individual,Yes,No,Happiness,215
2022,"August 8, 2022",White,Young,Female,Self,Confident,Tiktok Star,Normal,Freedom,Personal Story,Individual,Yes,Yes,Sadness,16
2021,"March 8, 2021",White,Old,Male,Self,Smiling,Actor,Normal,Friendship,Family,Group,No,No,Happiness,Yes
2022,"July 25, 2022",White,Old,Male,Half,Smiling,Actor,Normal,Friendship,Personal Story,Group,No,No,Happiness,Yes
2019,"July 29, 2019",Mixed,Middle Age,Female,Self,Smiling,Royal Family,Normal,Friendship,Personal Story,Group,No,No,Mystery,Yes
2020,"May 18, 2020",White,Middle Age,Male,Full,Smiling,Host,Normal,Fun,Family,Group,No,No,Happiness,Yes
2019,"May 6, 2019",White,Middle Age,Female,Half,Smiling,Actress,Normal,Gratefull,Personal Story,Individual,Yes,No,Happiness,260
2016,"Oca 11, 2016",White,Middle Age,Female,Full,Smiling,Unknown,Normal,Half Their Size,Career,Group,Yes,No,Happiness,Yes
2016,"Oca 11, 2016",White,Middle Age,Female,Full,Smiling,Unknown,Normal,Half Their Size,Diet,Group,Yes,Yes,Happiness,Yes
2019,"September 9, 2019",White,Young,Female,Self,Smiling,Singer,Normal,Happy,Personal Story,Individual,Yes,No,Happiness,286
2015,"Şub 9, 2015",White,Middle Age,Unknown,Half,Confident,Victim,Normal,Heartbreak,Death,Group,No,No,Sadness,107
2015,"Oca 26, 2015",White,Middle Age,Male,Half,Confident,Victim,Normal,Heartbreak,Death,Group,Yes,Yes,Sadness,Yes
2019,"September 16, 2019",White,Middle Age,Female,Self,Smiling,Singer,Normal,Heartbreak,Personal Story,Individual,Yes,No,Challenge,287
2017,"Oca 16, 2017",White,Old,Female,Half,Smiling,TV Personality,Normal,Heartbreak,Romance,Group,Yes,Yes,Sadness,227
2019,"April 15, 2019",White,Old,Female,Self,Smiling,Singer,Normal,Heartbreak,Romance,Individual,Yes,No,Happiness,254
2017,"Şub 13, 2017",Mixed,Young,Female,Self,Smiling,Actress,Normal,Her Life Story,Death,Individual,Yes,No,Sadness,231
2016,"Mar 7, 2016",White,Middle Age,Female,Self,Confident,Actress,Normal,Hidden Life,Personal Story,Individual,Yes,Yes,Mystery,174
2016,"Haz 20, 2016",African-American,Young,Male,Half,Smiling,Athlete,Normal,His Life,Career,Individual,Yes,Yes,Hopefulness,192
2017,"Oca 2, 2017",White,Young,Female,Self,Smiling,Actress,Normal,Holiday Family,Family,Individual,Yes,Yes,Happiness,225
2016,"Haz 6, 2016",African-American,Middle Age,Male,Self,Smiling,TV Personality,Overweight,Homeless To Millionaire,Career,Individual,Yes,Yes,Happiness,190
2021,"September 13, 2021",African-American,Young,Male,Full,Smiling,Non-Celebrity,Normal,Hope,Personal Story,Group,Yes,Yes,Hopefulness,Yes
2017,"Şub 27, 2017",White,Young,Female,Full,Smiling,Actress,Normal,Hottest Red Carpet Looks,Fashion,Individual,No,No,Happiness,233
2017,"Oca 23, 2017",African-American,Middle Age,Female,Full,Smiling,TV Personality,Overweight,How İ Lost Weight,Diet,Individual,Yes,Yes,Happiness,228
2017,"Şub 20, 2017",White,Middle Age,Female,Self,Smiling,TV Personality,Overweight,I Am Proud Of Who I Am,Self-Love,Individual,Yes,Yes,Happiness,232
2022,"September 19, 2022",White,Old,Male,Self,Smiling,Actor,Normal,I'm Different,Personal Story,Individual,No,No,Happiness,12
2020,"May 4, 2020",White,Middle Age,Female,Half,Smiling,Actress,Normal,Kids,Family,Group,No,No,Happiness,Yes
2018,"April 30,2018",White,Middle Age,Female,Half,Smiling,Singer,Normal,Kids,Family,Group,No,No,Hopefulness,322
2020,"September 7, 2020",White,Middle Age,Female,Full,Smiling,Athlete,Normal,Kids,Family,Group,Yes,No,Happiness,Yes
2020,"November 9, 2020",White,Young,Female,Half,Smiling,Actress,Normal,Kids,Family,Group,Yes,No,Hopefulness,Yes
2019,"June 17, 2019",White,Middle Age,Male,Self,Smiling,TV Personality,Normal,Kids,Family,Individual,Yes,No,Happiness,267
2018,"October29,2018",White,Middle Age,Female,Self,Smiling,Royal Family,Normal,Kids,Family,Individual,Yes,No,Happiness,357
2018,"November12,2018",Mixed,Middle Age,Female,Full,Smiling,TV Personality,Normal,Kids,Family,Individual,Yes,No,Happiness,359
2021,"November 8, 2021",White,Middle Age,Female,Half,Confident,Actress,Normal,Kids,Family,Individual,Yes,No,Happiness,46
2021,"May 17, 2021",White,Middle Age,Female,Half,Smiling,Actress,Normal,Kids,Family,Individual,Yes,No,Happiness,64
2020,"August 17, 2020",White,Middle Age,Female,Full,Confident,Singer,Normal,Kids,Family,Individual,Yes,No,Happiness,81
2022,"December 12, 2022",White,Middle Age,Male,Full,Confident,Actor,Normal,Kids,Social Message,Individual,Yes,Yes,Sadness,2
2019,"February 11,2019",White,Young,Female,Self,Smiling,Actress,Normal,Life,Personal Story,Individual,Yes,No,Happiness,242
2021,"April 12, 2021",African-American,Middle Age,Female,Full,Smiling,Supermodel,Normal,Life Adventure,Family,Group,Yes,No,Happiness,Yes
2020,"March 23, 2020",White,Middle Age,Male,Half,Confident,Royal Family,Normal,Life Adventure,Family,Group,Yes,No,Sadness,Yes
2019,"January 21,2019",White,Middle Age,Female,Self,Confident,Actress,Normal,Life Adventure,Family,Individual,No,No,Hapiness,373
2020,"March 9, 2020",White,Middle Age,Female,Half,Confident,Actress,Normal,Life Adventure,Family,Individual,No,No,Hopefulness,92
2021,"September 27, 2021",White,Old,Male,Full,Smiling,Host,Normal,Life Adventure,Family,Individual,Yes,No,Happiness,51
2021,"July 26, 2021",White,Old,Female,Half,Smiling,Royal Family,Overweight,Life Adventure,Family,Individual,Yes,No,Happiness,56
2018,"July16,2018",White,Middle Age,Female,Full,Smiling,TV Personality,Normal,Life Adventure,Personal Story,Group,Yes,Yes,Happiness,340
2022,"May 9, 2022",White,Old,Female,Full,Smiling,Actress,Normal,Life Adventure,Personal Story,Individual,No,No,Happiness,25
2018,"May 21,2018",White,Middle Age,Female,Full,Smiling,Actress,Overweight,Life Adventure,Personal Story,Individual,No,No,Happiness,327
2018,"August6,2018",White,Middle Age,Male,Self,Smiling,Actor,Normal,Life Adventure,Personal Story,Individual,No,No,Happiness,343
2018,"October8,2018",Mixed,Middle Age,Female,Half,Smiling,TV Personality,Normal,Life Adventure,Personal Story,Individual,No,No,Happiness,352
2018,"November26,2018",African-American,Middle Age,Female,Half,Smiling,Politican Wife,Normal,Life Adventure,Personal Story,Individual,No,No,Happiness,361
2022,"January 10, 2022",White,Old,Female,Half,Smiling,Actress,Normal,Life Adventure,Personal Story,Individual,No,No,Happiness,39
2021,"April 5, 2021",White,Middle Age,Female,Half,Smiling,Actress,Normal,Life Adventure,Personal Story,Individual,No,No,Happiness,65
2020,2020,White,Middle Age,Female,Self,Smiling,Royal Family,Normal,Life Adventure,Personal Story,Individual,No,No,Happiness,70
2020,"February 24, 2020",White,Middle Age,Male,Self,Confident,Actor,Normal,Life Adventure,Personal Story,Individual,No,No,Happiness,94
2018,"June18,2018",White,Middle Age,Female,Half,Smiling,Author,Overweight,Life Adventure,Personal Story,Individual,No,No,Hopefulness,333
2018,"September3,2018",African-American,Middle Age,Female,Self,Confident,Singer,Normal,Life Adventure,Personal Story,Individual,No,No,Hopefulness,347
2018,"October 1,2018",White,Old,Female,Self,Smiling,Actress,Normal,Life Adventure,Personal Story,Individual,No,No,Hopefulness,351
2021,"December 13, 2021",White,Old,Female,Full,Confident,Singer,Normal,Life Adventure,Personal Story,Individual,No,No,Hopefulness,43
2020,"October 5, 2020",White,Old,Female,Self,Confident,Politician,Normal,Life Adventure,Personal Story,Individual,No,No,Hopefulness,76
2018,"September24,2018",White,Middle Age,Female,Half,Smiling,Royal Family,Normal,Life Adventure,Personal Story,Individual,No,No,Sadness,350
2018,"December 24,2018",White,Young,Female,Full,Smiling,Singer,Normal,Life Adventure,Personal Story,Individual,Yes,No,Hapiness,366
2018,"March 12,2018",African-American,Middle Age,Female,Self,Smiling,Host,Normal,Life Adventure,Personal Story,Individual,Yes,No,Happiness,313
2018,"July30,2018",White,Middle Age,Female,Half,Smiling,Royal Family,Normal,Life Adventure,Personal Story,Individual,Yes,No,Happiness,342
2021,"July 5, 2021",White,Middle Age,Female,Half,Confident,Actress,Normal,Life Adventure,Personal Story,Individual,Yes,No,Happiness,58
2020,2020,White,Old,Male,Self,Confident,Actor,Normal,Life Adventure,Personal Story,Individual,Yes,No,Hopefulness,74
2018,"April 2,2018",White,Middle Age,Female,Self,Smiling,Actress,Overweight,Life Adventure,Personal Story,Individual,Yes,Yes,Happiness,317
2018,"April 9,2018",White,Middle Age,Female,Self,Smiling,Actress,Normal,Life Adventure,Personal Story,Individual,Yes,Yes,Hopefulness,318
2021,"October 25, 2021",White,Old,Female,Self,Smiling,Host,Normal,Life Adventure,Romance,Individual,Yes,No,Hopefulness,48
2015,"Haz 22, 2015",White,Young,Female,Half,Smiling,Actress,Overweight,Life Change,Career,Individual,Yes,Yes,Happiness,128
2015,"May 11, 2015",White,Middle Age,Transgender,Self,Confident,TV Personality,Normal,Life Change,Family,Individual,No,No,Challenge,122
2015,"Mar 30, 2015",White,Middle Age,Transgender,Self,Confident,TV Personality,Normal,Life Change,Family,Individual,Yes,No,Challenge,116
2015,"Şub 16, 2015",White,Middle Age,Transgender,Self,Smiling,TV Personality,Normal,Life Change,Family,Individual,Yes,Yes,Happiness,108
2015,"Haz 15, 2015",White,Middle Age,Transgender,Self,Confident,TV Personality,Normal,Life Change,Personal Story,Individual,Yes,Yes,Challenge,127
2016,"Eyl 5, 2016",Asian,Middle Age,Female,Full,Smiling,TV Personality,Normal,Life Now,Family,Group,Yes,No,Hopefulness,Yes
2016,"Eyl 5, 2016",Asian,Child,Female,Full,Smiling,TV Personality,Normal,Life Now,Family,Group,Yes,Yes,Hopefulness,Yes
2022,"October 17, 2022",White,Old,Female,Self,Confident,Singer,Normal,Losing Someone,Personal Story,Individual,Yes,Yes,Hopefulness,9
2022,"January 17, 2022",White,Middle Age,Female,Half,Smiling,Actress,Overweight,Loss,Personal Story,Individual,Yes,Yes,Hopefulness,38
2021,"May 10, 2021",African-American,Young,Female,Half,Smiling,Actress,Normal,Love,Family,Group,No,No,Happiness,Yes
2020,"August 3, 2020",White,Old,Male,Half,Confident,Host,Normal,Love,Family,Group,Yes,No,Happiness,100
2020,"October 12, 2020",White,Old,Female,Half,Smiling,Non-Celebrity,Normal,Love,Family,Group,Yes,No,Happiness,Yes
2018,"April 16,2018",White,Middle Age,Female,Self,Smiling,Royal Family,Normal,Love,Family,Group,Yes,Yes,Hopefulness,Yes
2021,"March 22, 2021",African-American,Middle Age,Female,Half,Smiling,First Lady,Normal,Love,Family,Individual,No,No,Happiness,66
2018,"August27,2018",White,Old,Female,Half,Smiling,Actress,Normal,Love,Personal Story,Group,Yes,Yes,Hopefulness,Yes
2021,"September 20, 2021",Mixed,Young,Female,Self,Smiling,Actress,Normal,Love,Personal Story,Individual,No,No,Happiness,52
2021,"June 14, 2021",White,Middle Age,Male,Full,Smiling,Singer,Normal,Love,Personal Story,Individual,Yes,No,Happiness,61
2018,"July 2,2018",White,Middle Age,Female,Half,Smiling,Singer,Normal,Love,Romance,Group, No,No,Happiness,Yes
2021,"February 22, 2021",White,Old,Female,Full,Confident,Host,Normal,Love,Romance,Group,No,No,Happiness,Yes
2021,"August 2, 2021",White,Middle Age,Male,Half,Confident,Actor,Normal,Love,Romance,Group,Yes,No,Happiness,Yes
2015,"Ağu 10, 2015",White,Middle Age,Unknown,Half,Smiling,TV Personality,Normal,Love,Romance,Group,Yes,Yes,Happiness,135
2016,"Eyl 12, 2016",African-American,Young,Female,Full,Smiling,TV Personality,Overweight,Love,Romance,Group,Yes,Yes,Happiness,206
2021,"November 29, 2021",White,Old,Male,Half,Smiling,Singer,Normal,Love,Romance,Group,Yes,Yes,Sadness,Yes
2022,"February 7, 2022",White,Middle Age,Female,Half,Confident,Actress,Normal,Love,Romance,Individual,No,No,Hopefulness,35
2022,"February 14, 2022",Mixed,Middle Age,Female,Half,Confident,Singer,Normal,Love,Romance,Individual,Yes,No,Happiness,34
2016,"Mar 21, 2016",White,Old,Male,Half,Smiling,Politician,Normal,Love Story,Romance,Group,No,No,Happiness,Yes
2016,"May 16, 2016",White,Middle Age,Male,Self,Confident,Royal Family,Normal,Make My Mother Proud,Family,Individual,Yes,Yes,Hopefulness,187
2021,"December 6, 2021",White,Middle Age,Female,Half,Smiling,Actress,Normal,Marriage,Family,Group,Yes,No,Happiness,Yes
2022,"October 10, 2022",White,Middle Age,Female,Self,Smiling,Actress,Normal,Marriage,Family,Individual,No,No,Happiness,10
2022,"January 3, 2022",White,Middle Age,Male,Half,Confident,Actor,Overweight,Marriage,Family,Individual,No,No,Happiness,40
2022,"January 3, 2022",White,Middle Age,Female,Half,Smiling,Actress,Normal,Marriage,Family,Individual,No,No,Happiness,41
2020,2020,African-American,Old,Male,Full,Smiling,Politician,Normal,Marriage,Family,Individual,No,No,Happiness,72
2018,"March 26,2018",White,Middle Age,Female,Self,Smiling,Royal Family,Normal,Marriage,Family,Individual,Yes,No,Happiness,316
2019,"January 14,2019",White,Young,Male,Full,Confident,Singer,Normal,Marriage,Personal Story,Group,Yes,No,Hapiness,Yes
2018,"June11,2018",White,Middle Age,Female,Self,Confident,Royal Family,Normal,Marriage,Personal Story,Individual,Yes,No,Happiness,332
2019,"April 1, 2019",White,Middle Age,Female,Half,Smiling,Actress,Normal,Marriage,Romance,Group,No,No,Happiness,Yes
2021,"July 19, 2021",White,Middle Age,Male,Full,Smiling,Singer,Normal,Marriage,Romance,Group,Yes,No,Happiness,Yes
2022,"July 11, 2022",White,Middle Age,Female,Half,Smiling,Singer,Normal,Marriage,Romance,Individual,Yes,No,Happiness,18
2016,"Ara 26, 2016",White,Young,Male,Half,Confident,TV Personality,Normal,Marriage Explodes,Family,Group,Yes,No,Sadness,Yes
2016,"Ara 26, 2016",White,Young,Female,Half,Confident,TV Personality,Normal,Marriage Explodes,Family,Group,Yes,Yes,Sadness,Yes
2016,"Haz 27, 2016",Mixed,Young,Male,Half,Smiling,Victim,Normal,Mass Murder İn Florida,Death,Group,No,No,Sadness,193
2015,"Ara 14, 2015",White,Middle Age,Female,Full,Confident,Actress,Normal,Meet My Little Girl,Family,Group,No,No,Happiness,Yes
2015,"Ara 14, 2015",African-American,Child,Female,Full,Confident,Unknown,Normal,Meet My Little Girl,Family,Group,Yes,No,Happiness,Yes
2016,"Tem 11, 2016",White,Child,Male,Half,Smiling,Victim,Normal,Missing Child,Death,Individual,Yes,No,Sadness,195
2015,"Nis 6, 2015",White,Middle Age,Female,Half,Smiling,Singer,Normal,Mom,Family,Group,Yes,Yes,Happiness,117
2015,"Haz 29, 2015",White,Middle Age,Female,Full,Smiling,Royal Family,Normal,Mom,Family,Group,Yes,Yes,Happiness,129
2015,"May 4, 2015",Hispanic,Middle Age,Female,Self,Confident,Actress,Normal,Mom,Family,Individual,Yes,No,Happiness,121
2019,"March 11, 2019",Mixed,Middle Age,Female,Half,Smiling,Royal Family,Normal,Mom,Family,Individual,Yes,No,Happiness,247
2022,"October 3, 2022",White,Middle Age,Female,Self,Sadness,Royal Family,Normal,Mourn,Death,Group,No,Yes,Sadness,Yes
2018,"June25,2018",White,Middle Age,Female,Self,Confident,Designer,Normal,Mourn,Death,Group,Yes,No,Sadness,Yes
2020,"November 2, 2020",White,Middle Age,Female,Half,Confident,Actress,Normal,Mourn,Death,Group,Yes,Yes,Hopefulness,388
2020,"June 15, 2020",African-American,Middle Age,Male,Self,Confident,Non-Celebrity,Normal,Mourn,Death,Group,Yes,Yes,Sadness,99
2021,"May 3, 2021",White,Middle Age,Male,Self,Confident,Royal Family,Normal,Mourn,Death,Group,Yes,Yes,Sadness,Yes
2016,"May 30, 2016",White,Middle Age,Female,Self,Confident,Singer,Normal,Mourn,Death,Individual,Yes,No,Sadness,189
2022,"September 26, 2022",White,Old,Female,Self,Confident,Royal Family,Normal,Mourn,Death,Individual,Yes,Yes,Sadness,11
2022,"September 5, 2022",White,Middle Age,Female,Half,Smiling,Royal Family,Normal,Mourn,Death,Individual,Yes,Yes,Sadness,13
2022,"May 16, 2022",White,Old,Female,Self,Confident,Singer,Normal,Mourn,Death,Individual,Yes,Yes,Sadness,24
2022,"January 24, 2022",White,Old,Male,Self,Confident,Actor,Normal,Mourn,Death,Individual,Yes,Yes,Sadness,37
2021,"October 18, 2021",White,Young,Female,Self,Confident,Actress,Normal,Mourn,Death,Individual,Yes,Yes,Sadness,49
2020,"September 14, 2020",African-American,Middle Age,Male,Self,Confident,Actor,Normal,Mourn,Death,Individual,Yes,Yes,Sadness,79
2020,"August 10, 2020",White,Old,Male,Self,Smiling,Actor,Normal,Mourn,Death,Individual,Yes,Yes,Sadness,82
2020,"July 20, 2020",White,Middle Age,Male,Half,Confident,Actor,Normal,Mourn,Death,Individual,Yes,Yes,Sadness,83
2020,"February 10, 2020",African-American,Middle Age,Male,Self,Confident,Former Athlete,Normal,Mourn,Death,Individual,Yes,Yes,Shocking,96
2021,"March 15, 2021",Mixed,Young,Female,Half,Confident,Athlete,Normal,Mourn,Family,Individual,Yes,Yes,Sadness,67
2021,"August 9, 2021",White,Middle Age,Male,Full,Smiling,Singer,Normal,Mourn,Personal Story,Individual,Yes,Yes,Hopefulness,55
2021,"December 27, 2021",African-American,Young,Male,Half,Confident,Host,Normal,Mourn,Personal Story,Individual,Yes,Yes,Sadness,42
2022,"August 22, 2022",White,Old,Female,Self,Smiling,Singer,Normal,Mourn,Romance,Individual,No,Yes,Sadness,14
2015,"Mar 16, 2015",White,Middle Age,Unknown,Half,Smiling,Wealthy,Normal,Murder,Death,Group,Yes,Yes,Sadness,Yes
2015,"Haz 8, 2015",White,Middle Age,Unknown,Half,Confident,Victim,Normal,Murder,Family,Group,Yes,Yes,Sadness,126
2016,"Oca 25, 2016",White,Middle Age,Female,Half,Smiling,Victim,Normal,Murderer,Death,Group,Yes,No,Sadness,Yes
2016,"Oca 25, 2016",White,Middle Age,Male,Half,Confident,Murderer,Overweight,Murderer,Death,Group,Yes,Yes,Sadness,Yes
2016,"Şub 8, 2016",White,Middle Age,Female,Self,Confident,Victim,Normal,Murderer,Death,Individual,Yes,Yes,Sadness,170
2016,"Tem 18, 2016",White,Young,Female,Half,Smiling,Actress,Normal,My Life After,Personal Story,Individual,Yes,Yes,Happiness,196
2016,"Eyl 26, 2016",White,Middle Age,Male,Self,Confident,Actress,Normal,My Own Story,Personal Story,Individual,Yes,No,Hopefulness,208
2016,"May 23, 2016",White,Middle Age,Female,Self,Smiling,Actress,Normal,My Side Of The Story,Career,Individual,Yes,Yes,Mystery,188
2015,"Kas 23, 2015",White,Middle Age,Male,Half,Confident,TV Personality,Normal,New Beginning,Family,Group,Yes,No,Hopefulness,Yes
2015,"Şub 23, 2015",White,Middle Age,Female,Self,Kissing,Singer,Normal,New Mom,Family,Group,Yes,No,Happiness,109
2015,"Nis 27, 2015",White,Young,Unknown,Half,Smiling,TV Personality,Normal,New Mom,Family,Group,Yes,No,Happiness,120
2015,"May 18, 2015",White,Middle Age,Unknown,Full,Smiling,Royal Family,Normal,New Mom,Family,Group,Yes,Yes,Happiness,123
2015,"Tem 27, 2015",White,Middle Age,Unknown,Full,Smiling,Royal Family,Normal,New Mom,Family,Group,Yes,Yes,Happiness,133
2017,"Şub 6, 2017",White,Young,Female,Half,Smiling,Actress,Normal,New Mom,Family,Group,Yes,Yes,Happiness,230
2015,"Kas 23, 2015",White,Middle Age,Female,Half,Smiling,TV Personality,Normal,New Mom,Family,Group,Yes,Yes,Hopefulness,Yes
2015,"Eki 26, 2015",White,Middle Age,Female,Full,Smiling,Actor,Normal,New Mom,Family,Individual,Yes,No,Challenge,148
2015,"Oca 12, 2015",White,Young,Female,Self,Smiling,Royal Family,Normal,New Mom,Family,Individual,Yes,No,Happiness,102
2015,"Oca 19, 2015",White,Young,Female,Self,Smiling,Actress,Normal,New Mom,Family,Individual,Yes,No,Happiness,103
2015,"Mar 9, 2015",White,Middle Age,Female,Half,Smiling,Singer,Overweight,New Mom,Family,Individual,Yes,No,Happiness,111
2015,"May 25, 2015",White,Child,Male,Self,Confident,Royal Family,Normal,New Mom,Family,Individual,Yes,No,Happiness,124
2015,"Mar 2, 2015",White,Middle Age,Unknown,Half,Smiling,Unknown,Normal,Newly Wedded,Family,Group,Yes,No,Happiness,110
2015,"Mar 23, 2015",White,Middle Age,Unknown,Half,Smiling,TV Personality,Normal,Newly Wedded,Family,Group,Yes,Yes,Challenge,Yes
2015,"Ağu 24, 2015",White,Middle Age,Unknown,Half,Smiling,Actress,Normal,Newly Wedded,Family,Group,Yes,Yes,Happiness,137
2022,"December 26, 2022",White,Middle Age,Female,Half,Smiling,Royal Family,Normal,No Holding Back,Family,Group,Yes,No,Happiness,Yes
2016,"Ara 19, 2016",African-American,Middle Age,Male,Half,Confident,Politician,Normal,Obamas Say Goodbye,Career,Group,Yes,No,Happiness,Yes
2016,"Ara 19, 2016",African-American,Middle Age,Female,Half,Confident,Politician,Normal,Obamas Say Goodbye,Family,Group,Yes,Yes,Happiness,Yes
2022,"November 28, 2022",White,Middle Age,Female,Full,Smiling,Actress,Normal,Our Adventure,Romance,Group,Yes,No,Happiness,Yes
2021,"June 7, 2021",White,Middle Age,Male,Self,Smiling,Royal Family,Normal,Pain,Personal Story,Individual,Yes,Yes,Hopefulness,62
2015,"Eki 5, 2015",White,Old,Female,Half,Confident,TV Personality,Normal,Personal Story,Death,Individual,No,No,Sadness,143
2015,"Eki 12, 2015",White,Child,Male,Full,Smiling,Politician,Normal,Personal Story,Family,Group,No,No,Happiness,Yes
2015,"Eki 12, 2015",White,Old,Male,Full,Smiling,Politician,Overweight,Personal Story,Family,Group,Yes,Yes,Happiness,Yes
2015,"Eki 19, 2015",White,Middle Age,Male,Self,Confident,Actor,Normal,Personal Story,Personal Story,Individual,No,No,Hopefulness,147
2015,"Kas 9, 2015",White,Middle Age,Female,Half,Confident,TV Personality,Normal,Personal Story,Personal Story,Individual,No,Yes,Challenge,150
2015,"Kas 16, 2015",Hispanic,Middle Age,Female,Self,Confident,Actress,Normal,Personal Story,Personal Story,Individual,No,Yes,Challenge,151
2015,"Eyl 28, 2015",White,Old,Male,Half,Smiling,Pope,Normal,Personal Story,Personal Story,Individual,No,Yes,Happiness,142
2019,"February 18, 2019",Mixed,Middle Age,Female,Self,Smiling,Royal Family,Normal,Personal Story,Personal Story,Individual,No,Yes,Mystery,243
2015,"Kas 2, 2015",White,Middle Age,Female,Full,Confident,Actor,Normal,Personal Story,Personal Story,Individual,Yes,No,Challenge,149
2015,"Eyl 21, 2015",White,Middle Age,Female,Half,Confident,Actress,Overweight,Personal Story,Self-Love,Individual,No,Yes,Hopefulness,141
2015,"Haz 1, 2015",White,Young,Female,Half,Smiling,Model,Overweight,Plus Size,Career,Individual,Yes,No,Happiness,125
2020,"November 23, 2020",White,Old,Male,Half,Smiling,Politician,Normal,Policy,Personal Story,Group,No,No,Happiness,Yes
2016,"Kas 21, 2016",White,Old,Male,Half,Confident,Politician,Overweight,President Trump,Career,Individual,No,No,Happiness,218
2017,"Oca 30, 2017",White,Young,Male,Half,Sad,Murderer,Normal,Prison,Death,Group,Yes,No,Sadness,229
2017,"Oca 9, 2017",White,Young,Male,Self,Confident,Singer,Normal,Private Pain,Death,Individual,No,No,Sadness,226
2019,"September 23, 2019",White,Middle Age,Female,Self,Smiling,Royal Family,Normal,Queen,Family,Individual,No,No,Hopefulness,288
2022,"August 15, 2022",White,Middle Age,Female,Self,Smiling,Royal Family,Normal,Queen,Family,Individual,Yes,No,Happiness,15
2021,"February 8, 2021",White,Old,Female,Self,Smiling,Royal Family,Normal,Queen,Personal Story,Individual,No,No,Happiness,69
2020,"June 1, 2020",White,Old,Female,Self,Smiling,Royal Family,Normal,Queen,Personal Story,Individual,No,No,Happiness,87
2019,"December 9, 2019",White,Old,Male,Self,Confident,Actor,Normal,Real,Personal Story,Individual,No,No,Mystery,304
2018,Red Carpet Sub Special 2018,White,Young,Female,Half,Smiling,Actress,Normal,Red Carpet,Fashion And Beauty,Individual,No,No,Happiness,312
2016,"Oca 18, 2016",White,Middle Age,Female,Half,Smiling,Actor,Normal,Reunion,Career,Group,Yes,No,Happiness,166
2019,"August 26, 2019",White,Child,Male,Half,Smiling,Royal Family,Normal,Royal,Family,Group,No,No,Mystery,Yes
2019,"April 22, 2019",White,Middle Age,Male,Half,Smiling,Royal Family,Normal,Royal,Family,Group,Yes,Yes,Mystery,Yes
2019,"December 2, 2019",White,Middle Age,Female,Half,Smiling,Royal Family,Normal,Royal,Family,Group,Yes,Yes,Sadness,Yes
2015,"Tem 13, 2015",White,Middle Age,Unknown,Full,Smiling,Politician,Normal,Secret,Family,Group,Yes,No,Hopefulness,131
2015,"Eyl 14, 2015",White,Young,Female,Half,Smiling,Politician,Normal,Secret,Family,Individual,Yes,Yes,Hopefulness,140
2019,"September 2, 2019",White,Middle Age,Female,Half,Confident,Actress,Normal,Secrets,Family,Group,No,No,Mystery,Yes
2016,"Kas 7, 2016",Mixed,Young,Female,Self,Smiling,Victim,Normal,Serial Killer,Death,Group,Yes,No,Sadness,216
2019,"February 4, 2019",White,Young,Female,Half,Smiling,Non-Celebrity,Normal,Serial Killer,Personal Story,Group,No,Yes,Shocking,Yes
2019,"November 25, 2019",Mixed,Middle Age,Male,Half,Confident,Singer,Normal,Sexiest Man Alive,Personal Story,Individual,No,No,Happiness,299
2022,"November 21, 2022",White,Young,Male,Half,Confident,Actor,Normal,Sexiest Man Alive,Personal Story,Individual,No,No,Happiness,4
2021,"November 22, 2021",White,Middle Age,Male,Self,Confident,Actor,Normal,Sexiest Man Alive,Personal Story,Individual,No,No,Happiness,44
2020,2020,African-American,Young,Male,Full,Confident,Actor,Normal,Sexiest Man Alive,Personal Story,Individual,No,No,Happiness,73
2015,"Ara 7, 2015",White,Middle Age,Male,Self,Confident,Athlete,Normal,Sexiest Man Alive,Personal Story,Individual,Yes,No,Happiness,156
2016,"Şub 15, 2016",White,Young,Female,Full,Smiling,Wealthy,Normal,Sexy,Personal Story,Individual,Yes,Yes,Happiness,171
2016,"Şub 22, 2016",White,Middle Age,Male,Self,Confident,Actor,Normal,Sexy Dad,Family,Individual,Yes,No,Happiness,172
2015,"Ara 28, 2015",White,Young,Female,Half,Smiling,TV Personality,Normal,She Makes Me A Better Man,Romance,Group,No,No,Happiness,Yes
2015,"Ara 28, 2015",White,Young,Male,Half,Confident,TV Personality,Normal,She Makes Me A Better Man,Romance,Group,Yes,No,Happiness,Yes
2022,"April 11, 2022",African-American,Middle Age,Male,Full,Confident,Actor,Normal,Shocking,Family,Group,Yes,No,Shocking,Yes
2015,"Tem 20, 2015",White,Middle Age,Unknown,Self,Smiling,Actress,Normal,Split,Romance,Group,No,Yes,Sadness,132
2016,"Eki 10, 2016",White,Middle Age,Female,Half,Confident,Actress,Normal,Split,Romance,Group,Yes,No,Challenge,212
2015,"Ağu 3, 2015",White,Middle Age,Unknown,Self,Smiling,Singer,Normal,Split,Romance,Group,Yes,No,Sadness,134
2016,"Nis 18, 2016",White,Middle Age,Female,Half,Confident,Actress,Normal,Split,Romance,Individual,No,No,Sadness,183
2016,"Şub 29, 2016",White,Middle Age,Female,Self,Smiling,Actress,Normal,Split,Romance,Individual,Yes,No,Challenge,173
2015,"Ağu 17, 2015",Hispanic,Middle Age,Female,Self,Confident,Singer,Normal,Split,Romance,Individual,Yes,No,Sadness,136
2016,"Şub 1, 2016",White,Middle Age,Female,Half,Confident,Singer,Normal,Split,Romance,Individual,Yes,Yes,Sadness,169
2019,"September 30, 2019",African-American,Middle Age,Female,Half,Smiling,Actress,Normal,Strength,Personal Story,Individual,Yes,No,Challenge,289
2019,"July 1, 2019",White,Middle Age,Female,Self,Confident,Singer,Normal,Stronger,Personal Story,Individual,Yes,No,Challenge,270
2021,"January 25, 2021",African-American,Middle Age,Male,Half,Confident,Singer,Normal,Struggle,Family,Group,Yes,No,Sadness,Yes
2020,"January 27, 2020",White,Middle Age,Male,Half,Confident,Royal Family,Normal,Struggle,Family,Group,Yes,No,Shocking,Yes
2020,"March 2, 2020",White,Middle Age,Female,Self,Confident,Royal Family,Normal,Struggle,Personal Story,Individual,No,No,Hopefulness,93
2020,"August 31, 2020",African-American,Young,Female,Self,Smiling,Singer,Normal,Struggle,Personal Story,Individual,Yes,No,Happiness,80
2022,"November 7, 2022",White,Old,Male,Self,Confident,Actor,Normal,Struggle,Personal Story,Individual,Yes,Yes,Hopefulness,6
2016,"Ağu 29, 2016",Mixed,Young,Female,Half,Smiling,Athlete,Normal,Success,Career,Group,Yes,Yes,Happiness,202
2017,"Mar 20, 2017",African-American,Middle Age,Female,Self,Smiling,Actress,Normal,Success,Career,Individual,Yes,Yes,Happiness,237
2018,"November19,2018",African-American,Middle Age,Male,Full,Smiling,Actor,Normal,Success,Personal Story,Individual,No,No,Happiness,360
2021,"November 15, 2021",White,Old,Female,Self,Smiling,Actress,Normal,Success,Personal Story,Individual,No,No,Happiness,45
2020,"July 6, 2020",White,Middle Age,Female,Half,Smiling,Royal Family,Normal,Success,Personal Story,Individual,No,No,Happiness,84
2021,"August 16, 2021",African-American,Young,Female,Half,Confident,Athlete,Normal,Success,Personal Story,Individual,Yes,No,Happiness,
2018,"September10,2018",White,Old,Male,Self,Confident,Politican,Normal,Success,Personal Story,Individual,Yes,Yes,Hopefulness,348
2022,"March 28, 2022",African-American,Old,Male,Half,Smiling,Actor,Normal,Survival,Family,Group,Yes,No,Hopefulness,Yes
2022,"January 31, 2022",White,Middle Age,Male,Self,Confident,Actor,Normal,Survival,Family,Individual,Yes,No,Happiness,36
2021,"October 4, 2021",White,Young,Female,Self,Confident,Singer,Normal,Survival,Family,Individual,Yes,No,Hopefulness,50
2022,"April 18, 2022",White,Old,Male,Self,Confident,Actor,Normal,Survival,Family,Individual,Yes,Yes,Hopefulness,28
2018,"December10,2018",White,Middle Age,Male,Self,Confident,Singer,Normal,Survival,Family,Individual,Yes,Yes,Hopefulness,363
2015,"Nis 13, 2015",White,Young,Female,Self,Confident,Singer,Normal,Survival,Health,Individual,Yes,No,Sadness,118
2019,"January 28,2019",White,Young,Female,Self,Smiling,Non-Celebrity,Normal,Survival,Personal Story,Individual,No,Yes,Hopefulness,374
2022,"April 25, 2022",African-American,Middle Age,Female,Half,Smiling,Actress,Normal,Survival,Personal Story,Individual,Yes,No,Happiness,27
2022,"July 4, 2022",White,Young,Male,Self,Confident,Singer,Normal,Survival,Personal Story,Individual,Yes,No,Hopefulness,19
2022,"May 23, 2022",White,Middle Age,Female,Half,Confident,Actress,Normal,Survival,Personal Story,Individual,Yes,No,Hopefulness,23
2020,"September 28, 2020",White,Young,Male,Full,Confident,Non-Celebrity,Normal,Survival,Personal Story,Individual,Yes,No,Hopefulness,397
2021,"July 12, 2021",White,Middle Age,Female,Half,Smiling,Singer,Normal,Survival,Personal Story,Individual,Yes,No,Sadness,57
2020,"April 27, 2020",White,Old,Female,Half,Smiling,Actress,Normal,Survival,Personal Story,Individual,Yes,Yes,Happiness,89
2022,"June 6, 2022",White,Old,Male,Self,Confident,Actor,Normal,Survival,Personal Story,Individual,Yes,Yes,Hopefulness,21
2022,"March 21, 2022",White,Old,Male,Half,Smiling,Actor,Normal,Survival,Personal Story,Individual,Yes,Yes,Hopefulness,29
2022,"February 21, 2022",African-American,Old,Male,Half,Confident,Singer,Normal,Survival,Personal Story,Individual,Yes,Yes,Hopefulness,33
2018,"October22,2018",White,Middle Age,Female,Half,Smiling,Singer,Normal,Survival,Personal Story,Individual,Yes,Yes,Hopefulness,356
2021,"March 1, 2021",African-American,Old,Female,Half,Smiling,Singer,Overweight,Survival,Personal Story,Individual,Yes,Yes,Hopefulness,68
2020,"May 25, 2020",White,Old,Female,Self,Smiling,Actress,Normal,Survival,Personal Story,Individual,Yes,Yes,Hopefulness,88
2018,"April 23,2018",African-American,Middle Age,Female,Self,Confident,Singer,Normal,Survival,Personal Story,Individual,Yes,Yes,Sadness,321
2018,"August13,2018",Mixed,Middle Age,Female,Self,Confident,Singer,Normal,Survival,Personal Story,Individual,Yes,Yes,Sadness,344
2018,"September 17,2018",White,Middle Age,Female,Self,Confident,Author,Normal,Survival,Personal Story,Individual,Yes,Yes,Sadness,349
2021,"September 6, 2021",White,Young,Male,Self,Confident,Actor,Normal,Survival,Personal Story,Individual,Yes,Yes,Sadness,53
2016,"Mar 28, 2016",White,Young,Female,Half,Smiling,TV Personality,Normal,The One,Romance,Group,No,No,Happiness,Yes
2016,"Ağu 15, 2016",White,Young,Female,Half,Confident,TV Personality,Normal,The One,Romance,Group,Yes,No,Happiness,200
2016,"Mar 28, 2016",White,Young,Male,Half,Smiling,TV Personality,Normal,The One,Romance,Group,Yes,No,Happiness,Yes
2016,"Haz 13, 2016",White,Young,Female,Self,Sad,Actress,Normal,Their Toxic Marriage Abuse,Family,Individual,Yes,No,Sadness,191
2019,"December 30, 2019",White,Middle Age,Male,Half,Smiling,Royal Family,Normal,Throne,Career,Group,No,No,Hopefulness,Yes
2016,"Nis 25, 2016",White,Young,Female,Half,Smiling,Actress,Normal,Tragic Accident,Death,Individual,Yes,Yes,Sadness,184
2016,"May 9, 2016",African-American,Middle Age,Male,Self,Confident,Singer,Normal,Tragic Death,Death,Individual,No,No,Sadness,186
2016,"Ağu 22, 2016",White,Child,Female,Half,Smiling,Victim,Normal,Tragic Death,Death,Individual,No,No,Sadness,201
2016,"Ağu 1, 2016",White,Young,Male,Self,Confident,Politician,Normal,Tragic Death,Death,Individual,Yes,No,Sadness,198
2019,"October 14, 2019",African-American,Middle Age,Male,Half,Smiling,Actor,Normal,Trauma,Personal Story,Individual,Yes,Yes,Challenge,291
2019,"Red carpet special,2019",White,Middle Age,Female,Half,Confident,Actress,Normal,Truth,Fashion,Individual,No,No,Happiness,244
2016,"Mar 14, 2016",White,Middle Age,Female,Half,Smiling,Singer,Normal,Untold Love Story,Romance,Group,No,No,Happiness,Yes
2016,"Eki 3, 2016",African-American,Middle Age,Male,Full,Smiling,Athlete,Normal,Untold Story,Family,Group,Yes,No,Hopefulness,Yes
2022,"December 5, 2022",African-American,Middle Age,Male,Self,Smiling,Former Athlete,Normal,Untold Story,Personal Story,Individual,No,No,Happiness,3
2016,"Kas 14, 2016",White,Old,Male,Self,Confident,Singer,Normal,Untold Story,Personal Story,Individual,Yes,Yes,Hopefulness,217
2021,"January 11, 2021",White,Middle Age,Female,Half,Smiling,Actress,Normal,Wedding,Romance,Group,No,No,Happiness,Yes
2022,"August 1, 2022",Mixed,Middle Age,Female,Self,Smiling,Singer,Normal,Wedding,Romance,Group,Yes,No,Happiness,Yes
2016,"Tem 25, 2016",White,Young,Female,Full,Smiling,Unknown,Normal,Weight Loss,Diet,Group,Yes,No,Happiness,197
2020,"January 13, 2020",White,Old,Female,Full,Smiling,Non-Celebrity,Normal,Weight Loss,Diet,Group,Yes,No,Happiness,Yes
2019,"March 4, 2019",White,Old,Male,Self,Smiling,Actor,Normal,What I'Ve Learned,Family,Individual,Yes,No,Mystery,246
2016,"Ara 5, 2016",White,Young,Female,Half,Smiling,Victim,Normal,Who Killed,Death,Group,Yes,No,Sadness,220
2016,"Oca 4, 2016",White,Child,Female,Self,Smiling,Victim,Normal,Who Killed,Death,Individual,Yes,No,Sadness,163
2016,"Nis 11, 2016",White,Old,Male,Half,Confident,Politician,Overweight,Who İs,Personal Story,Individual,No,Yes,Mystery,182
2015,"Ara 21, 2015",White,Middle Age,Female,Half,Confident,Actress,Overweight,Wild Year,Personal Story,Individual,Yes,No,Challenge,160
2016,"May 2, 2016",White,Middle Age,Female,Half,Smiling,Actress,Normal,World'S Most Beautiful,Personal Story,Individual,Yes,Yes,Happiness,185
